id,day,task_text,correct_answer,explanation_ru,explanation_pl,section,topic,format,type,task_id,is_free,createdAt,updatedAt
1,1,"Nie znam ___ jeszcze dobrze. 
A) on B) jego C) go D) mu",go,Czasownik „znać” łączy się z biernikiem.,,POPRAWNOŚĆ GRAMATYCZNA,Zaimki osobowe,single_choice,POPRAWNOŚĆ GRAMATYCZNA,1,1,2025-12-28T17:04:05.587Z,2025-12-28T17:30:47.838Z
2,2,Wczoraj długo z ___ rozmawiałem. A) ona B) nią C) jej D) ją,nią,Przyimek „z” wymaga narzędnika.,,POPRAWNOŚĆ GRAMATYCZNA,Zaimki osobowe,single_choice,POPRAWNOŚĆ GRAMATYCZNA,2,1,2025-12-28T17:04:05.588Z,2025-12-28T17:11:15.331Z
3,3,Oddzwonię do ___ jutro rano. A) on B) niego C) nim D) mu,niego,Przyimek „do” wymaga dopełniacza.,,POPRAWNOŚĆ GRAMATYCZNA,Zaimki osobowe,single_choice,POPRAWNOŚĆ GRAMATYCZNA,3,1,2025-12-28T17:04:05.589Z,2025-12-28T17:11:15.828Z
4,4,Czy możesz ___ pomóc? A) on B) jego C) mu D) go,mu,Czasownik „pomóc” łączy się z celownikiem.,,POPRAWNOŚĆ GRAMATYCZNA,Zaimki osobowe,single_choice,POPRAWNOŚĆ GRAMATYCZNA,4,1,2025-12-28T17:04:05.590Z,2025-12-28T17:11:23.166Z
5,5,Nie widziałem ___ od kilku dni. A) on B) jego C) go D) nim,go,Czasownik „widzieć” wymaga biernika.,,POPRAWNOŚĆ GRAMATYCZNA,Zaimki osobowe,single_choice,POPRAWNOŚĆ GRAMATYCZNA,5,1,2025-12-28T17:04:05.591Z,2025-12-28T17:11:24.007Z
6,6,To prezent dla ___. A) on B) niego C) nim D) mu,niego,Przyimek „dla” łączy się z dopełniaczem.,,POPRAWNOŚĆ GRAMATYCZNA,Zaimki osobowe,single_choice,POPRAWNOŚĆ GRAMATYCZNA,6,1,2025-12-28T17:04:05.593Z,2025-12-28T17:11:25.398Z
7,7,Rozmawiałem z ___ o nowym projekcie. A) on B) nim C) go D) mu,nim,„Z” + narzędnik.,,POPRAWNOŚĆ GRAMATYCZNA,Zaimki osobowe,single_choice,POPRAWNOŚĆ GRAMATYCZNA,7,0,2025-12-28T17:04:05.594Z,2025-12-28T17:11:26.175Z
8,8,Nie pamiętam ___ nazwiska. A) on B) jego C) mu D) nim,jego,Czasownik „pamiętać” łączy się z dopełniaczem.,,POPRAWNOŚĆ GRAMATYCZNA,Zaimki osobowe,single_choice,POPRAWNOŚĆ GRAMATYCZNA,8,0,2025-12-28T17:04:05.594Z,2025-12-28T17:11:27.849Z
9,9,Muszę ___ coś ważnego powiedzieć. A) on B) jego C) mu D) go,mu,„Powiedzieć” wymaga celownika.,,POPRAWNOŚĆ GRAMATYCZNA,Zaimki osobowe,single_choice,POPRAWNOŚĆ GRAMATYCZNA,9,0,2025-12-28T17:04:05.595Z,2025-12-28T17:11:29.429Z
10,10,Nie ma ___ dziś w pracy. A) on B) jego C) go D) nim,go,Konstrukcja „nie ma kogo?” → dopełniacz.,,POPRAWNOŚĆ GRAMATYCZNA,Zaimki osobowe,single_choice,POPRAWNOŚĆ GRAMATYCZNA,10,0,2025-12-28T17:04:05.596Z,2025-12-28T17:11:30.555Z
11,11,To zależy od ___ decyzji. A) on B) niego C) nim D) jego,jego,Przyimek „od” wymaga dopełniacza.,,POPRAWNOŚĆ GRAMATYCZNA,Zaimki osobowe,single_choice,POPRAWNOŚĆ GRAMATYCZNA,11,0,2025-12-28T17:04:05.597Z,2025-12-28T17:11:31.239Z
12,12,Spotkałem się z ___ przypadkiem. A) on B) nim C) go D) mu,nim,„Z” + narzędnik.,,POPRAWNOŚĆ GRAMATYCZNA,Zaimki osobowe,single_choice,POPRAWNOŚĆ GRAMATYCZNA,12,0,2025-12-28T17:04:05.597Z,2025-12-28T17:11:31.768Z
13,13,Nie mogę bez ___ pracować. A) on B) niego C) nim D) mu,niego,„Bez” + dopełniacz.,,POPRAWNOŚĆ GRAMATYCZNA,Zaimki osobowe,single_choice,POPRAWNOŚĆ GRAMATYCZNA,13,0,2025-12-28T17:04:05.598Z,2025-12-28T17:11:32.434Z
14,14,Czy znasz ___ dobrze? A) on B) jego C) go D) mu,go,Czasownik „znać” wymaga biernika.,,POPRAWNOŚĆ GRAMATYCZNA,Zaimki osobowe,single_choice,POPRAWNOŚĆ GRAMATYCZNA,14,0,2025-12-28T17:04:05.599Z,2025-12-28T17:11:33.386Z
15,15,To wszystko dzięki ___ pomocy. A) on B) niego C) nim D) jego,jego,Konstrukcja „dzięki”.,,POPRAWNOŚĆ GRAMATYCZNA,Zaimki osobowe,single_choice,POPRAWNOŚĆ GRAMATYCZNA,15,0,2025-12-28T17:04:05.600Z,2025-12-28T17:11:33.945Z
16,16,"Martwię się o ___ 
A) on B) niego C) nim D) mu",niego,„O” + biernik.,,POPRAWNOŚĆ GRAMATYCZNA,Zaimki osobowe,single_choice,POPRAWNOŚĆ GRAMATYCZNA,16,0,2025-12-28T17:04:05.601Z,2025-12-28T18:39:05.316Z
17,17,Nie zgadzam się z ___ opinią. A) on B) nim C) go D) mu,nim,„Z” + narzędnik.,,POPRAWNOŚĆ GRAMATYCZNA,Zaimki osobowe,single_choice,POPRAWNOŚĆ GRAMATYCZNA,17,0,2025-12-28T17:04:05.601Z,2025-12-28T17:11:37.136Z
18,18,"Zaufaj ___, proszę. A) on B) jego C) mu D) go",mu,„Zaufać” łączy się z celownikiem.,,POPRAWNOŚĆ GRAMATYCZNA,Zaimki osobowe,single_choice,POPRAWNOŚĆ GRAMATYCZNA,18,0,2025-12-28T17:04:05.602Z,2025-12-28T17:11:38.224Z
19,19,Nie słuchałem ___ uważnie. A) on B) jego C) go D) mu,go,„Słuchać” → biernik.,,POPRAWNOŚĆ GRAMATYCZNA,Zaimki osobowe,single_choice,POPRAWNOŚĆ GRAMATYCZNA,19,0,2025-12-28T17:04:05.603Z,2025-12-28T17:11:39.804Z
20,20,To pytanie dotyczy ___. A) on B) niego C) nim D) mu,niego,„Dotyczyć” wymaga dopełniacza.,,POPRAWNOŚĆ GRAMATYCZNA,Zaimki osobowe,single_choice,POPRAWNOŚĆ GRAMATYCZNA,20,0,2025-12-28T17:04:05.604Z,2025-12-28T17:11:41.982Z
21,21,Ten test był ___ niż poprzedni. A) trudny B) trudniejszy C) najtrudniejszy D) trudno,trudniejszy,Porównanie → stopień wyższy.,,POPRAWNOŚĆ GRAMATYCZNA,Stopniowanie przymiotnika i przysłówka,single_choice,POPRAWNOŚĆ GRAMATYCZNA,21,1,2025-12-28T17:04:05.605Z,2025-12-28T17:11:46.136Z
22,22,To jest ___ restauracja w mieście. A) dobra B) lepsza C) najlepsza D) dobrze,najlepsza,Najwyższy stopień przymiotnika.,,POPRAWNOŚĆ GRAMATYCZNA,Stopniowanie przymiotnika i przysłówka,single_choice,POPRAWNOŚĆ GRAMATYCZNA,22,1,2025-12-28T17:04:05.606Z,2025-12-28T17:11:46.999Z
23,23,Dzisiaj pracuję ___ niż wczoraj. A) wydajnie B) wydajniej C) najwydajniej D) wydajny,wydajniej,Stopień wyższy przysłówka.,,POPRAWNOŚĆ GRAMATYCZNA,Stopniowanie przymiotnika i przysłówka,single_choice,POPRAWNOŚĆ GRAMATYCZNA,23,1,2025-12-28T17:04:05.607Z,2025-12-28T17:11:47.925Z
24,24,To zadanie jest ___ ze wszystkich. A) proste B) prostsze C) najprostsze D) prosto,najprostsze,Stopień najwyższy.,,POPRAWNOŚĆ GRAMATYCZNA,Stopniowanie przymiotnika i przysłówka,single_choice,POPRAWNOŚĆ GRAMATYCZNA,24,1,2025-12-28T17:04:05.608Z,2025-12-28T17:11:48.511Z
25,25,On mówi ___ niż brat. A) głośno B) głośniej C) najgłośniej D) głośny,głośniej,Stopień wyższy.,,POPRAWNOŚĆ GRAMATYCZNA,Stopniowanie przymiotnika i przysłówka,single_choice,POPRAWNOŚĆ GRAMATYCZNA,25,1,2025-12-28T17:04:05.609Z,2025-12-28T17:11:49.450Z
26,26,To był ___ dzień tygodnia. A) długi B) dłuższy C) najdłuższy D) długo,najdłuższy,Stopień najwyższy.,,POPRAWNOŚĆ GRAMATYCZNA,Stopniowanie przymiotnika i przysłówka,single_choice,POPRAWNOŚĆ GRAMATYCZNA,26,1,2025-12-28T17:04:05.610Z,2025-12-28T17:11:50.895Z
27,27,Ten film był ___ niż myślałem. A) ciekawy B) ciekawszy C) najciekawszy D) ciekawie,ciekawszy,Porównanie.,,POPRAWNOŚĆ GRAMATYCZNA,Stopniowanie przymiotnika i przysłówka,single_choice,POPRAWNOŚĆ GRAMATYCZNA,27,0,2025-12-28T17:04:05.610Z,2025-12-28T17:11:51.998Z
28,28,To ___ sposób rozwiązania problemu. A) dobry B) lepszy C) najlepszy D) dobrze,najlepszy,Stopień najwyższy.,,POPRAWNOŚĆ GRAMATYCZNA,Stopniowanie przymiotnika i przysłówka,single_choice,POPRAWNOŚĆ GRAMATYCZNA,28,0,2025-12-28T17:04:05.611Z,2025-12-28T17:11:53.259Z
29,29,Ona biega ___ niż ja. A) szybko B) szybciej C) najszybciej D) szybka,szybciej,Stopień wyższy.,,POPRAWNOŚĆ GRAMATYCZNA,Stopniowanie przymiotnika i przysłówka,single_choice,POPRAWNOŚĆ GRAMATYCZNA,29,0,2025-12-28T17:04:05.612Z,2025-12-28T17:11:54.378Z
30,30,To mieszkanie jest ___ w budynku. A) tanie B) tańsze C) najtańsze D) tanio,najtańsze,Stopień najwyższy.,,POPRAWNOŚĆ GRAMATYCZNA,Stopniowanie przymiotnika i przysłówka,single_choice,POPRAWNOŚĆ GRAMATYCZNA,30,0,2025-12-28T17:04:05.613Z,2025-12-28T17:11:55.556Z
31,31,Czuję się dziś ___ niż wczoraj. A) źle B) gorzej C) najgorzej D) zły,gorzej,Forma nieregularna.,,POPRAWNOŚĆ GRAMATYCZNA,Stopniowanie przymiotnika i przysłówka,single_choice,POPRAWNOŚĆ GRAMATYCZNA,31,0,2025-12-28T17:04:05.614Z,2025-12-28T17:11:56.149Z
32,32,On pracuje ___ ze wszystkich. A) dokładnie B) dokładniej C) najdokładniej D) dokładny,najdokładniej,Stopień najwyższy przysłówka.,,POPRAWNOŚĆ GRAMATYCZNA,Stopniowanie przymiotnika i przysłówka,single_choice,POPRAWNOŚĆ GRAMATYCZNA,32,0,2025-12-28T17:04:05.615Z,2025-12-28T17:11:56.715Z
33,33,To zadanie jest ___ niż poprzednie. A) łatwe B) łatwiejsze C) najłatwiejsze D) łatwo,łatwiejsze,Stopień wyższy.,,POPRAWNOŚĆ GRAMATYCZNA,Stopniowanie przymiotnika i przysłówka,single_choice,POPRAWNOŚĆ GRAMATYCZNA,33,0,2025-12-28T17:04:05.616Z,2025-12-28T17:11:57.480Z
34,34,To był ___ moment w jego życiu. A) ważny B) ważniejszy C) najważniejszy D) ważnie,najważniejszy,Stopień najwyższy.,,POPRAWNOŚĆ GRAMATYCZNA,Stopniowanie przymiotnika i przysłówka,single_choice,POPRAWNOŚĆ GRAMATYCZNA,34,0,2025-12-28T17:04:05.617Z,2025-12-28T17:11:58.190Z
35,35,On mówi ___ po polsku niż rok temu. A) dobrze B) lepiej C) najlepiej D) dobry,lepiej,Forma nieregularna.,,POPRAWNOŚĆ GRAMATYCZNA,Stopniowanie przymiotnika i przysłówka,single_choice,POPRAWNOŚĆ GRAMATYCZNA,35,0,2025-12-28T17:04:05.618Z,2025-12-28T17:11:59.420Z
36,36,To było ___ spotkanie miesiąca. A) długie B) dłuższe C) najdłuższe D) długo,najdłuższe,Stopień najwyższy.,,POPRAWNOŚĆ GRAMATYCZNA,Stopniowanie przymiotnika i przysłówka,single_choice,POPRAWNOŚĆ GRAMATYCZNA,36,0,2025-12-28T17:04:05.618Z,2025-12-28T17:12:00.203Z
37,37,Ten komputer działa ___. A) szybko B) szybciej C) najszybciej D) szybki,szybciej,Stopień wyższy.,,POPRAWNOŚĆ GRAMATYCZNA,Stopniowanie przymiotnika i przysłówka,single_choice,POPRAWNOŚĆ GRAMATYCZNA,37,0,2025-12-28T17:04:05.620Z,2025-12-28T17:12:01.584Z
38,38,"To ___ książka, jaką czytałem. A) interesująca B) bardziej interesująca C) najbardziej interesująca D) interesująco",najbardziej interesująca,Opisowy stopień najwyższy.,,POPRAWNOŚĆ GRAMATYCZNA,Stopniowanie przymiotnika i przysłówka,single_choice,POPRAWNOŚĆ GRAMATYCZNA,38,0,2025-12-28T17:04:05.621Z,2025-12-28T17:12:02.856Z
39,39,On zachował się ___. A) spokojnie B) spokojniej C) najspokojniej D) spokojny,najspokojniej,Stopień najwyższy.,,POPRAWNOŚĆ GRAMATYCZNA,Stopniowanie przymiotnika i przysłówka,single_choice,POPRAWNOŚĆ GRAMATYCZNA,39,0,2025-12-28T17:04:05.622Z,2025-12-28T17:12:03.882Z
40,40,To rozwiązanie jest ___ dla użytkownika. A) wygodne B) wygodniejsze C) najwygodniejsze D) wygodnie,wygodniejsze,Stopień wyższy.,,POPRAWNOŚĆ GRAMATYCZNA,Stopniowanie przymiotnika i przysłówka,single_choice,POPRAWNOŚĆ GRAMATYCZNA,40,0,2025-12-28T17:04:05.622Z,2025-12-28T17:12:05.559Z
41,41,Idę ___ sklepu. A) do B) na C) w D) z,do,Iść do + dopełniacz.,,POPRAWNOŚĆ GRAMATYCZNA,Przyimki,single_choice,POPRAWNOŚĆ GRAMATYCZNA,41,1,2025-12-28T18:01:34.742Z,2025-12-28T18:02:44.002Z
42,42,Jestem ___ pracy od rana. A) w B) na C) do D) z,w,Być w + miejscownik.,,POPRAWNOŚĆ GRAMATYCZNA,Przyimki,single_choice,POPRAWNOŚĆ GRAMATYCZNA,42,1,2025-12-28T18:01:34.745Z,2025-12-28T18:02:44.656Z
43,43,Wracam ___ domu późno. A) do B) na C) w D) z,do,Wracać do + dopełniacz.,,POPRAWNOŚĆ GRAMATYCZNA,Przyimki,single_choice,POPRAWNOŚĆ GRAMATYCZNA,43,1,2025-12-28T18:01:34.750Z,2025-12-28T18:02:46.711Z
44,44,Spotkajmy się ___ kawie. A) na B) przy C) w D) z,na,Spotkać się na + miejscownik.,,POPRAWNOŚĆ GRAMATYCZNA,Przyimki,single_choice,POPRAWNOŚĆ GRAMATYCZNA,44,1,2025-12-28T18:01:34.751Z,2025-12-28T18:02:47.417Z
45,45,Mieszkam ___ Warszawie. A) na B) w C) do D) z,w,Mieszkać w + miejscownik.,,POPRAWNOŚĆ GRAMATYCZNA,Przyimki,single_choice,POPRAWNOŚĆ GRAMATYCZNA,45,1,2025-12-28T18:01:34.752Z,2025-12-28T18:02:48.058Z
46,46,To prezent ___ mamy. A) dla B) do C) od D) z,dla,Dla + dopełniacz.,,POPRAWNOŚĆ GRAMATYCZNA,Przyimki,single_choice,POPRAWNOŚĆ GRAMATYCZNA,46,0,2025-12-28T18:01:34.753Z,2025-12-28T18:02:48.771Z
47,47,Nie mogę żyć ___ ciebie. A) bez B) do C) z D) na,bez,Bez + dopełniacz.,,POPRAWNOŚĆ GRAMATYCZNA,Przyimki,single_choice,POPRAWNOŚĆ GRAMATYCZNA,47,0,2025-12-28T18:01:34.754Z,2025-12-28T18:02:49.914Z
48,48,Pojechał ___ pracy autobusem. A) do B) na C) w D) z,do,Jechać do + dopełniacz.,,POPRAWNOŚĆ GRAMATYCZNA,Przyimki,single_choice,POPRAWNOŚĆ GRAMATYCZNA,48,0,2025-12-28T18:01:34.755Z,2025-12-28T18:02:51.898Z
49,49,Jestem zmęczony ___ pracy. A) po B) od C) z D) na,po,Po + miejscownik.,,POPRAWNOŚĆ GRAMATYCZNA,Przyimki,single_choice,POPRAWNOŚĆ GRAMATYCZNA,49,0,2025-12-28T18:01:34.756Z,2025-12-28T18:02:53.704Z
50,50,Książka leży ___ stole. A) na B) w C) pod D) z,na,Na + miejscownik.,,POPRAWNOŚĆ GRAMATYCZNA,Przyimki,single_choice,POPRAWNOŚĆ GRAMATYCZNA,50,0,2025-12-28T18:01:34.757Z,2025-12-28T18:02:55.620Z
51,51,Pracuję ___ domu. A) w B) na C) do D) z,w,W + miejscownik.,,POPRAWNOŚĆ GRAMATYCZNA,Przyimki,single_choice,POPRAWNOŚĆ GRAMATYCZNA,51,0,2025-12-28T18:01:34.759Z,2025-12-28T18:02:56.350Z
52,52,Idziemy ___ kino. A) do B) na C) w D) z,do,Iść do + dopełniacz.,,POPRAWNOŚĆ GRAMATYCZNA,Przyimki,single_choice,POPRAWNOŚĆ GRAMATYCZNA,52,0,2025-12-28T18:01:34.760Z,2025-12-28T18:02:57.077Z
53,53,On siedzi ___ mnie. A) obok B) przy C) na D) z,obok,Obok + dopełniacz.,,POPRAWNOŚĆ GRAMATYCZNA,Przyimki,single_choice,POPRAWNOŚĆ GRAMATYCZNA,53,0,2025-12-28T18:01:34.761Z,2025-12-28T18:02:58.567Z
54,54,Samochód stoi ___ domem. A) przed B) na C) w D) z,przed,Przed + narzędnik.,,POPRAWNOŚĆ GRAMATYCZNA,Przyimki,single_choice,POPRAWNOŚĆ GRAMATYCZNA,54,0,2025-12-28T18:01:34.762Z,2025-12-28T18:02:59.404Z
55,55,Rozmawiam ___ nauczycielem. A) z B) do C) na D) o,z,Z + narzędnik.,,POPRAWNOŚĆ GRAMATYCZNA,Przyimki,single_choice,POPRAWNOŚĆ GRAMATYCZNA,55,0,2025-12-28T18:01:34.763Z,2025-12-28T18:03:00.049Z
56,56,Jestem ___ kolegą. A) z B) do C) na D) o,z,Z + narzędnik.,,POPRAWNOŚĆ GRAMATYCZNA,Przyimki,single_choice,POPRAWNOŚĆ GRAMATYCZNA,56,0,2025-12-28T18:01:34.764Z,2025-12-28T18:03:01.043Z
57,57,Idziemy ___ spacer. A) na B) do C) w D) z,na,Iść na + biernik.,,POPRAWNOŚĆ GRAMATYCZNA,Przyimki,single_choice,POPRAWNOŚĆ GRAMATYCZNA,57,0,2025-12-28T18:01:34.765Z,2025-12-28T18:03:01.883Z
58,58,To zależy ___ pogody. A) od B) na C) o D) z,od,Od + dopełniacz.,,POPRAWNOŚĆ GRAMATYCZNA,Przyimki,single_choice,POPRAWNOŚĆ GRAMATYCZNA,58,0,2025-12-28T18:01:34.767Z,2025-12-28T18:03:03.701Z
59,59,On jest ___ domu. A) w B) na C) do D) z,w,Być w + miejscownik.,,POPRAWNOŚĆ GRAMATYCZNA,Przyimki,single_choice,POPRAWNOŚĆ GRAMATYCZNA,59,0,2025-12-28T18:01:34.768Z,2025-12-28T18:03:05.499Z
60,60,Wyszedł ___ pokoju. A) z B) do C) na D) w,z,Z + dopełniacz.,,POPRAWNOŚĆ GRAMATYCZNA,Przyimki,single_choice,POPRAWNOŚĆ GRAMATYCZNA,60,0,2025-12-28T18:01:34.769Z,2025-12-28T18:03:06.943Z
61,61,Wczoraj on ___ w domu cały dzień. A) był B) była C) byli D) były,był,Czas przeszły – rodzaj męski (on).,,POPRAWNOŚĆ GRAMATYCZNA,Czas przeszły,single_choice,POPRAWNOŚĆ GRAMATYCZNA,61,1,2025-12-28T18:13:17.584Z,2025-12-28T18:14:32.671Z
62,62,Wczoraj ona ___ w domu cały dzień. A) był B) była C) byli D) były,była,Czas przeszły – rodzaj żeński (ona).,,POPRAWNOŚĆ GRAMATYCZNA,Czas przeszły,single_choice,POPRAWNOŚĆ GRAMATYCZNA,62,1,2025-12-28T18:13:17.585Z,2025-12-28T18:14:34.463Z
63,63,Wczoraj oni ___ w kinie. A) byli B) były C) była D) był,byli,Czas przeszły – liczba mnoga męskoosobowa (oni).,,POPRAWNOŚĆ GRAMATYCZNA,Czas przeszły,single_choice,POPRAWNOŚĆ GRAMATYCZNA,63,1,2025-12-28T18:13:17.586Z,2025-12-28T18:14:35.267Z
64,64,Wczoraj one ___ w kinie. A) były B) byli C) była D) był,były,Czas przeszły – liczba mnoga niemęskoosobowa (one).,,POPRAWNOŚĆ GRAMATYCZNA,Czas przeszły,single_choice,POPRAWNOŚĆ GRAMATYCZNA,64,1,2025-12-28T18:13:17.587Z,2025-12-28T18:14:36.003Z
65,65,Wczoraj on ___ list do szefa. A) napisał B) napisała C) napisali D) napisały,napisał,Rodzaj męski w czasie przeszłym.,,POPRAWNOŚĆ GRAMATYCZNA,Czas przeszły,single_choice,POPRAWNOŚĆ GRAMATYCZNA,65,1,2025-12-28T18:13:17.588Z,2025-12-28T18:14:36.883Z
66,66,Wczoraj ona ___ list do szefa. A) napisała B) napisał C) napisali D) napisały,napisała,Rodzaj żeński w czasie przeszłym.,,POPRAWNOŚĆ GRAMATYCZNA,Czas przeszły,single_choice,POPRAWNOŚĆ GRAMATYCZNA,66,0,2025-12-28T18:13:17.589Z,2025-12-28T18:14:37.765Z
67,67,Wczoraj ja (mężczyzna) ___ ten film. A) oglądałem B) oglądałam C) oglądali D) oglądały,oglądałem,Ja (mężczyzna) – forma czasu przeszłego.,,POPRAWNOŚĆ GRAMATYCZNA,Czas przeszły,single_choice,POPRAWNOŚĆ GRAMATYCZNA,67,0,2025-12-28T18:13:17.590Z,2025-12-28T18:14:44.358Z
68,68,Wczoraj ja (kobieta) ___ ten film. A) oglądałam B) oglądałem C) oglądali D) oglądały,oglądałam,Ja (kobieta) – forma czasu przeszłego.,,POPRAWNOŚĆ GRAMATYCZNA,Czas przeszły,single_choice,POPRAWNOŚĆ GRAMATYCZNA,68,0,2025-12-28T18:13:17.590Z,2025-12-28T18:14:45.863Z
69,69,Wczoraj oni ___ bardzo wcześnie. A) wstali B) wstały C) wstał D) wstała,wstali,Oni – męskoosobowe.,,POPRAWNOŚĆ GRAMATYCZNA,Czas przeszły,single_choice,POPRAWNOŚĆ GRAMATYCZNA,69,0,2025-12-28T18:13:17.591Z,2025-12-28T18:14:47.821Z
70,70,Wczoraj one ___ bardzo wcześnie. A) wstały B) wstali C) wstał D) wstała,wstały,One – niemęskoosobowe.,,POPRAWNOŚĆ GRAMATYCZNA,Czas przeszły,single_choice,POPRAWNOŚĆ GRAMATYCZNA,70,0,2025-12-28T18:13:17.592Z,2025-12-28T18:14:49.363Z
71,71,Wczoraj on ___ maila rano. A) wysłał B) wysłała C) wysłali D) wysłały,wysłał,Rodzaj męski.,,POPRAWNOŚĆ GRAMATYCZNA,Czas przeszły,single_choice,POPRAWNOŚĆ GRAMATYCZNA,71,0,2025-12-28T18:13:17.594Z,2025-12-28T18:14:50.298Z
72,72,Wczoraj ona ___ maila rano. A) wysłała B) wysłał C) wysłali D) wysłały,wysłała,Rodzaj żeński.,,POPRAWNOŚĆ GRAMATYCZNA,Czas przeszły,single_choice,POPRAWNOŚĆ GRAMATYCZNA,72,0,2025-12-28T18:13:17.595Z,2025-12-28T18:14:50.988Z
73,73,Wczoraj oni ___ projekt na czas. A) skończyli B) skończyły C) skończył D) skończyła,skończyli,Oni – męskoosobowe.,,POPRAWNOŚĆ GRAMATYCZNA,Czas przeszły,single_choice,POPRAWNOŚĆ GRAMATYCZNA,73,0,2025-12-28T18:13:17.596Z,2025-12-28T18:14:52.970Z
74,74,Wczoraj one ___ projekt na czas. A) skończyły B) skończyli C) skończył D) skończyła,skończyły,One – niemęskoosobowe.,,POPRAWNOŚĆ GRAMATYCZNA,Czas przeszły,single_choice,POPRAWNOŚĆ GRAMATYCZNA,74,0,2025-12-28T18:13:17.596Z,2025-12-28T18:14:53.836Z
75,75,Wczoraj on ___ obiad w domu. A) gotował B) gotowała C) gotowali D) gotowały,gotował,Rodzaj męski.,,POPRAWNOŚĆ GRAMATYCZNA,Czas przeszły,single_choice,POPRAWNOŚĆ GRAMATYCZNA,75,0,2025-12-28T18:13:17.597Z,2025-12-28T18:14:54.811Z
76,76,Wczoraj ona ___ obiad w domu. A) gotowała B) gotował C) gotowali D) gotowały,gotowała,Rodzaj żeński.,,POPRAWNOŚĆ GRAMATYCZNA,Czas przeszły,single_choice,POPRAWNOŚĆ GRAMATYCZNA,76,0,2025-12-28T18:13:17.598Z,2025-12-28T18:14:55.659Z
77,77,Wczoraj oni ___ do domu późno. A) wrócili B) wróciły C) wrócił D) wróciła,wrócili,Oni – męskoosobowe.,,POPRAWNOŚĆ GRAMATYCZNA,Czas przeszły,single_choice,POPRAWNOŚĆ GRAMATYCZNA,77,0,2025-12-28T18:13:17.599Z,2025-12-28T18:14:56.360Z
78,78,Wczoraj one ___ do domu późno. A) wróciły B) wrócili C) wrócił D) wróciła,wróciły,One – niemęskoosobowe.,,POPRAWNOŚĆ GRAMATYCZNA,Czas przeszły,single_choice,POPRAWNOŚĆ GRAMATYCZNA,78,0,2025-12-28T18:13:17.600Z,2025-12-28T18:14:57.157Z
79,79,Wczoraj on ___ w pracy do późna. A) pracował B) pracowała C) pracowali D) pracowały,pracował,Rodzaj męski.,,POPRAWNOŚĆ GRAMATYCZNA,Czas przeszły,single_choice,POPRAWNOŚĆ GRAMATYCZNA,79,0,2025-12-28T18:13:17.600Z,2025-12-28T18:14:59.064Z
80,80,Wczoraj ona ___ w pracy do późna. A) pracowała B) pracował C) pracowali D) pracowały,pracowała,Rodzaj żeński.,,POPRAWNOŚĆ GRAMATYCZNA,Czas przeszły,single_choice,POPRAWNOŚĆ GRAMATYCZNA,80,0,2025-12-28T18:13:17.601Z,2025-12-28T18:15:01.714Z
81,81,"___ ciszej, proszę! A) mów B) mówisz C) mówi D) mówią",mów,Tryb rozkazujący (2 os. l. poj.).,,POPRAWNOŚĆ GRAMATYCZNA,Tryb rozkazujący,single_choice,POPRAWNOŚĆ GRAMATYCZNA,81,1,2025-12-28T18:13:56.754Z,2025-12-28T18:15:40.168Z
82,82,___ to teraz. A) zrób B) robisz C) zrobi D) robią,zrób,Forma rozkazująca.,,POPRAWNOŚĆ GRAMATYCZNA,Tryb rozkazujący,single_choice,POPRAWNOŚĆ GRAMATYCZNA,82,1,2025-12-28T18:13:56.755Z,2025-12-28T18:15:42.224Z
83,83,___ ostrożnie! A) jedź B) jedziesz C) jechał D) jadą,jedź,Tryb rozkazujący.,,POPRAWNOŚĆ GRAMATYCZNA,Tryb rozkazujący,single_choice,POPRAWNOŚĆ GRAMATYCZNA,83,1,2025-12-28T18:13:56.756Z,2025-12-28T18:15:43.156Z
84,84,___ mi pomóc. A) pomóż B) pomagasz C) pomaga D) pomogą,pomóż,Tryb rozkazujący.,,POPRAWNOŚĆ GRAMATYCZNA,Tryb rozkazujący,single_choice,POPRAWNOŚĆ GRAMATYCZNA,84,1,2025-12-28T18:13:56.757Z,2025-12-28T18:15:44.651Z
85,85,___ tego jeszcze raz. A) spróbuj B) próbujesz C) próbuje D) próbowali,spróbuj,Rozkaz – poprawna forma.,,POPRAWNOŚĆ GRAMATYCZNA,Tryb rozkazujący,single_choice,POPRAWNOŚĆ GRAMATYCZNA,85,1,2025-12-28T18:13:56.757Z,2025-12-28T18:15:45.457Z
86,86,___ spokojnie chwilę. A) czekaj B) czekasz C) czeka D) czekali,czekaj,Tryb rozkazujący.,,POPRAWNOŚĆ GRAMATYCZNA,Tryb rozkazujący,single_choice,POPRAWNOŚĆ GRAMATYCZNA,86,0,2025-12-28T18:13:56.758Z,2025-12-28T18:15:46.429Z
87,87,___ bliżej. A) podejdź B) podchodzi C) podszedł D) podejdą,podejdź,Tryb rozkazujący.,,POPRAWNOŚĆ GRAMATYCZNA,Tryb rozkazujący,single_choice,POPRAWNOŚĆ GRAMATYCZNA,87,0,2025-12-28T18:13:56.760Z,2025-12-28T18:15:47.173Z
88,88,"___ drzwi, proszę. A) zamknij B) zamykasz C) zamknął D) zamykają",zamknij,Tryb rozkazujący.,,POPRAWNOŚĆ GRAMATYCZNA,Tryb rozkazujący,single_choice,POPRAWNOŚĆ GRAMATYCZNA,88,0,2025-12-28T18:13:56.760Z,2025-12-28T18:15:48.158Z
89,89,___ mi prawdę. A) powiedz B) mówisz C) powiedział D) powiadają,powiedz,Tryb rozkazujący.,,POPRAWNOŚĆ GRAMATYCZNA,Tryb rozkazujący,single_choice,POPRAWNOŚĆ GRAMATYCZNA,89,0,2025-12-28T18:13:56.761Z,2025-12-28T18:15:49.200Z
90,90,___ szybciej! A) idź B) idziesz C) szedł D) idą,idź,Tryb rozkazujący.,,POPRAWNOŚĆ GRAMATYCZNA,Tryb rozkazujący,single_choice,POPRAWNOŚĆ GRAMATYCZNA,90,0,2025-12-28T18:13:56.762Z,2025-12-28T18:15:50.207Z
91,91,___ mi chwilę. A) daj B) dajesz C) dał D) dają,daj,Tryb rozkazujący.,,POPRAWNOŚĆ GRAMATYCZNA,Tryb rozkazujący,single_choice,POPRAWNOŚĆ GRAMATYCZNA,91,0,2025-12-28T18:13:56.763Z,2025-12-28T18:15:51.578Z
92,92,___ ostrożny. A) bądź B) byłeś C) jest D) byli,bądź,Nieregularna forma rozkazu.,,POPRAWNOŚĆ GRAMATYCZNA,Tryb rozkazujący,single_choice,POPRAWNOŚĆ GRAMATYCZNA,92,0,2025-12-28T18:13:56.764Z,2025-12-28T18:15:52.846Z
93,93,___ to teraz. A) weź B) bierzesz C) wziął D) wezmą,weź,Nieregularna forma rozkazu.,,POPRAWNOŚĆ GRAMATYCZNA,Tryb rozkazujący,single_choice,POPRAWNOŚĆ GRAMATYCZNA,93,0,2025-12-28T18:13:56.764Z,2025-12-28T18:15:54.201Z
94,94,___ wcześniej. A) przyjdź B) przychodzisz C) przyszedł D) przychodzą,przyjdź,Tryb rozkazujący.,,POPRAWNOŚĆ GRAMATYCZNA,Tryb rozkazujący,single_choice,POPRAWNOŚĆ GRAMATYCZNA,94,0,2025-12-28T18:13:56.765Z,2025-12-28T18:15:55.051Z
95,95,___ się tym dziś. A) zajmij B) zajmujesz C) zajął D) zajmują,zajmij,Tryb rozkazujący.,,POPRAWNOŚĆ GRAMATYCZNA,Tryb rozkazujący,single_choice,POPRAWNOŚĆ GRAMATYCZNA,95,0,2025-12-28T18:13:56.766Z,2025-12-28T18:15:57.348Z
96,96,___ mnie uważnie. A) słuchaj B) słuchasz C) słucha D) słuchali,słuchaj,Tryb rozkazujący.,,POPRAWNOŚĆ GRAMATYCZNA,Tryb rozkazujący,single_choice,POPRAWNOŚĆ GRAMATYCZNA,96,0,2025-12-28T18:13:56.766Z,2025-12-28T18:15:58.289Z
97,97,___ to dokładnie. A) sprawdź B) sprawdzasz C) sprawdził D) sprawdzają,sprawdź,Tryb rozkazujący.,,POPRAWNOŚĆ GRAMATYCZNA,Tryb rozkazujący,single_choice,POPRAWNOŚĆ GRAMATYCZNA,97,0,2025-12-28T18:13:56.767Z,2025-12-28T18:15:59.591Z
98,98,___ mi znać jutro. A) daj B) dajesz C) dał D) dają,daj,Tryb rozkazujący.,,POPRAWNOŚĆ GRAMATYCZNA,Tryb rozkazujący,single_choice,POPRAWNOŚĆ GRAMATYCZNA,98,0,2025-12-28T18:13:56.767Z,2025-12-28T18:16:00.583Z
99,99,___ to proszę. A) zrób B) robisz C) zrobi D) robią,zrób,Tryb rozkazujący.,,POPRAWNOŚĆ GRAMATYCZNA,Tryb rozkazujący,single_choice,POPRAWNOŚĆ GRAMATYCZNA,99,0,2025-12-28T18:13:56.768Z,2025-12-28T18:16:03.934Z
100,100,___ mi numer telefonu. A) podaj B) podajesz C) podał D) podają,podaj,Tryb rozkazujący.,,POPRAWNOŚĆ GRAMATYCZNA,Tryb rozkazujący,single_choice,POPRAWNOŚĆ GRAMATYCZNA,100,0,2025-12-28T18:13:56.769Z,2025-12-28T18:16:06.220Z
101,101,"Mimo ___ pogody, zdecydowaliśmy się na długi spacer po lesie. A) niesprzyjającej B) niesprzyjającą C) niesprzyjające D) niesprzyjającym",niesprzyjającej,Предлог 'mimo' требует родительного падежа (Dopełniacz). Правильная форма женского рода: 'niesprzyjającej'.,,POPRAWNOŚĆ GRAMATYCZNA,Fleksja Imienna,single_choice,POPRAWNOŚĆ GRAMATYCZNA,101,1,2025-12-29T11:08:02.300Z,2025-12-29T11:08:02.300Z
102,102,Nie wyobrażam sobie życia bez ___ i wsparcia moich najbliższych. A) przyjaciele B) przyjaciół C) przyjaciołom D) przyjaciółmi,przyjaciół,После предлога 'bez' используется родительный падеж (Dopełniacz). Множественное число от 'przyjaciel' в родительном падеже — 'przyjaciół'.,,POPRAWNOŚĆ GRAMATYCZNA,Fleksja Imienna,single_choice,POPRAWNOŚĆ GRAMATYCZNA,102,1,2025-12-29T11:08:02.301Z,2025-12-29T11:08:02.301Z
103,103,Dyrektor przyglądał się ___ z dużym zainteresowaniem. A) nowemu projektowi B) nowy projekt C) nowego projektu D) nowym projektem,nowemu projektowi,Глагол 'przyglądać się' требует дательного падежа (Celownik). Форма мужского рода: 'nowemu projektowi'.,,POPRAWNOŚĆ GRAMATYCZNA,Fleksja Imienna,single_choice,POPRAWNOŚĆ GRAMATYCZNA,103,1,2025-12-29T11:08:02.302Z,2025-12-29T11:08:02.302Z
104,104,Wczoraj spotkałem na ulicy ___ znajomego z czasów liceum. A) starego B) starym C) starego D) staremu,starego,Глагол 'spotkać' требует винительного падежа (Biernik). Для одушевленных существительных мужского рода форма совпадает с родительным падежом: 'starego'.,,POPRAWNOŚĆ GRAMATYCZNA,Fleksja Imienna,single_choice,POPRAWNOŚĆ GRAMATYCZNA,104,1,2025-12-29T11:08:02.302Z,2025-12-29T11:08:02.302Z
105,105,Interesuję się ___ polską i chciałbym dowiedzieć się o niej więcej. A) historię B) historii C) historią D) historią,historią,Глагол 'interesować się' требует творительного падежа (Narzędnik). Форма женского рода: 'historią'.,,POPRAWNOŚĆ GRAMATYCZNA,Fleksja Imienna,single_choice,POPRAWNOŚĆ GRAMATYCZNA,105,1,2025-12-29T11:08:02.303Z,2025-12-29T11:08:02.303Z
106,106,Często myślę o ___ spędzonych w górach zeszłego lata. A) chwilach B) chwile C) chwil D) chwilami,chwilach,Предлог 'o' в значении размышления требует предложного падежа (Miejscownik). Множественное число: 'chwilach'.,,POPRAWNOŚĆ GRAMATYCZNA,Fleksja Imienna,single_choice,POPRAWNOŚĆ GRAMATYCZNA,106,1,2025-12-29T11:08:02.304Z,2025-12-29T11:08:02.304Z
107,107,"Szukam ___ , która pomogłaby mi w nauce języka polskiego. A) osoby B) osobę C) osobie D) osobą",osoby,Глагол 'szukać' требует родительного падежа (Dopełniacz). Форма женского рода: 'osoby'.,,POPRAWNOŚĆ GRAMATYCZNA,Fleksja Imienna,single_choice,POPRAWNOŚĆ GRAMATYCZNA,107,0,2025-12-29T11:08:02.304Z,2025-12-29T11:08:02.304Z
108,108,Podczas konferencji rozmawialiśmy o ___ problemach ekologicznych. A) współczesnych B) współczesne C) współczesnym D) współczesnymi,współczesnych,Предлог 'o' требует предложного падежа (Miejscownik). Множественное число прилагательного: 'współczesnych'.,,POPRAWNOŚĆ GRAMATYCZNA,Fleksja Imienna,single_choice,POPRAWNOŚĆ GRAMATYCZNA,108,0,2025-12-29T11:08:02.305Z,2025-12-29T11:08:02.305Z
109,109,"Nie lubię ___ , które są zbyt głośne i zatłoczone. A) miejsc B) miejsca C) miejscach D) miejscami",miejsc,Глагол 'lubić' в отрицании требует родительного падежа (Dopełniacz). Множественное число от 'miejsce' — 'miejsc'.,,POPRAWNOŚĆ GRAMATYCZNA,Fleksja Imienna,single_choice,POPRAWNOŚĆ GRAMATYCZNA,109,0,2025-12-29T11:08:02.306Z,2025-12-29T11:08:02.306Z
110,110,Dzięki ___ pomocy udało nam się skończyć projekt na czas. A) twojej B) twoją C) twoim D) twoje,twojej,Предлог 'dzięki' требует дательного падежа (Celownik). Форма женского рода: 'twojej'.,,POPRAWNOŚĆ GRAMATYCZNA,Fleksja Imienna,single_choice,POPRAWNOŚĆ GRAMATYCZNA,110,0,2025-12-29T11:08:02.306Z,2025-12-29T11:08:02.306Z
111,111,Zawsze marzyłem o ___ w wielkim mieście. A) mieszkaniu B) mieszkanie C) mieszkania D) mieszkaniem,mieszkaniu,Глагол 'marzyć o' требует предложного падежа (Miejscownik). Форма среднего рода: 'mieszkaniu'.,,POPRAWNOŚĆ GRAMATYCZNA,Fleksja Imienna,single_choice,POPRAWNOŚĆ GRAMATYCZNA,111,0,2025-12-29T11:08:02.307Z,2025-12-29T11:08:02.307Z
112,112,W tym sklepie nie ma ___ produktów spożywczych. A) świeżych B) świeże C) świeżym D) świeżymi,świeżych,Конструкция 'nie ma' требует родительного падежа (Dopełniacz). Множественное число: 'świeżych'.,,POPRAWNOŚĆ GRAMATYCZNA,Fleksja Imienna,single_choice,POPRAWNOŚĆ GRAMATYCZNA,112,0,2025-12-29T11:08:02.308Z,2025-12-29T11:08:02.308Z
113,113,Czy możesz podać mi ten ___ nóż? A) ostry B) ostrego C) ostrym D) ostremu,ostry,Глагол 'podać' требует винительного падежа (Biernik). Для неодушевленных предметов мужского рода форма совпадает с именительным: 'ostry'.,,POPRAWNOŚĆ GRAMATYCZNA,Fleksja Imienna,single_choice,POPRAWNOŚĆ GRAMATYCZNA,113,0,2025-12-29T11:08:02.309Z,2025-12-29T11:08:02.309Z
114,114,"Zadzwonię do ___ jutro rano, żeby ustalić szczegóły. A) pana B) panu C) panem D) pan",pana,Предлог 'do' требует родительного падежа (Dopełniacz). Форма слова 'pan' — 'pana'.,,POPRAWNOŚĆ GRAMATYCZNA,Fleksja Imienna,single_choice,POPRAWNOŚĆ GRAMATYCZNA,114,0,2025-12-29T11:08:02.310Z,2025-12-29T11:08:02.310Z
115,115,On zawsze kieruje się ___ w życiu. A) logiką B) logikę C) logiki D) logice,logiką,Глагол 'kierować się' требует творительного падежа (Narzędnik). Форма женского рода: 'logiką'.,,POPRAWNOŚĆ GRAMATYCZNA,Fleksja Imienna,single_choice,POPRAWNOŚĆ GRAMATYCZNA,115,0,2025-12-29T11:08:02.310Z,2025-12-29T11:08:02.310Z
116,116,Wszystkie dzieci czekają na ___ od świętego Mikołaja. A) prezenty B) prezentów C) prezentach D) prezentami,prezenty,Предлог 'na' с глаголом 'czekać' требует винительного падежа (Biernik). Множественное число (неодушевленное): 'prezenty'.,,POPRAWNOŚĆ GRAMATYCZNA,Fleksja Imienna,single_choice,POPRAWNOŚĆ GRAMATYCZNA,116,0,2025-12-29T11:08:02.311Z,2025-12-29T11:08:02.311Z
117,117,Nie wolno wchodzić do ___ bez pozwolenia. A) budynku B) budynek C) budynkowi D) budynkiem,budynku,Предлог 'do' требует родительного падежа (Dopełniacz). Форма мужского рода: 'budynku'.,,POPRAWNOŚĆ GRAMATYCZNA,Fleksja Imienna,single_choice,POPRAWNOŚĆ GRAMATYCZNA,117,0,2025-12-29T11:08:02.312Z,2025-12-29T11:08:02.312Z
118,118,Znam tego ___ od wielu lat. A) człowieka B) człowiekowi C) człowiekiem D) człowieku,człowieka,Глагол 'znać' требует винительного падежа (Biernik). Для одушевленных существительных форма совпадает с родительным: 'człowieka'.,,POPRAWNOŚĆ GRAMATYCZNA,Fleksja Imienna,single_choice,POPRAWNOŚĆ GRAMATYCZNA,118,0,2025-12-29T11:08:02.312Z,2025-12-29T11:08:02.312Z
119,119,"Podaj mi, proszę, tamtą ___ książkę. A) czerwoną B) czerwonej C) czerwoną D) czerwonej",czerwoną,Глагол 'podać' требует винительного падежа (Biernik). Форма женского рода: 'czerwoną'.,,POPRAWNOŚĆ GRAMATYCZNA,Fleksja Imienna,single_choice,POPRAWNOŚĆ GRAMATYCZNA,119,0,2025-12-29T11:08:02.313Z,2025-12-29T11:08:02.313Z
120,120,On jest bardzo podobny do swojego ___ . A) ojca B) ojcu C) ojcem D) ojciec,ojca,Предлог 'do' требует родительного падежа (Dopełniacz). Форма слова 'ojciec' — 'ojca'.,,POPRAWNOŚĆ GRAMATYCZNA,Fleksja Imienna,single_choice,POPRAWNOŚĆ GRAMATYCZNA,120,0,2025-12-29T11:08:02.313Z,2025-12-29T11:08:02.313Z
121,121,Nie widziałem ___ od bardzo dawna. A) go B) jego C) niego D) mu,go,"В отрицательных предложениях с глаголом 'widzieć' используется родительный падеж. Краткая форма 'go' используется, когда на местоимении нет логического ударения и оно не стоит в начале предложения.",,POPRAWNOŚĆ GRAMATYCZNA,Zaimki,single_choice,POPRAWNOŚĆ GRAMATYCZNA,121,1,2025-12-29T11:08:02.314Z,2025-12-29T11:08:02.314Z
122,122,Czekam na ___ przed kinem. A) ciebie B) cię C) tobie D) tobą,ciebie,После предлогов всегда используются полные формы личных местоимений. Правильная форма после 'na' — 'ciebie'.,,POPRAWNOŚĆ GRAMATYCZNA,Zaimki,single_choice,POPRAWNOŚĆ GRAMATYCZNA,122,1,2025-12-29T11:08:02.315Z,2025-12-29T11:08:02.315Z
123,123,To jest mój brat. Bardzo ___ lubię. A) go B) jego C) niego D) mu,go,Глагол 'lubić' требует винительного падежа. Краткая форма 'go' является стандартной для безударной позиции в середине предложения.,,POPRAWNOŚĆ GRAMATYCZNA,Zaimki,single_choice,POPRAWNOŚĆ GRAMATYCZNA,123,1,2025-12-29T11:08:02.315Z,2025-12-29T11:08:02.315Z
124,124,Czy możesz ___ pomóc w tym zadaniu? A) mi B) mnie C) mną D) mną,mi,Глагол 'pomóc' требует дательного падежа. Краткая форма 'mi' используется в безударной позиции.,,POPRAWNOŚĆ GRAMATYCZNA,Zaimki,single_choice,POPRAWNOŚĆ GRAMATYCZNA,124,1,2025-12-29T11:08:02.316Z,2025-12-29T11:08:02.316Z
125,125,Oni zawsze myślą tylko o ___ . A) sobie B) siebie C) sobą D) sią,sobie,Предлог 'o' требует предложного падежа. Возвратное местоимение 'się' в предложном падеже имеет форму 'sobie'.,,POPRAWNOŚĆ GRAMATYCZNA,Zaimki,single_choice,POPRAWNOŚĆ GRAMATYCZNA,125,1,2025-12-29T11:08:02.317Z,2025-12-29T11:08:02.317Z
126,126,To są moje klucze. Gdzie ___ położyłeś? A) je B) ich C) nimi D) nie,je,Для неодушевленных предметов во множественном числе (не мужско-личностная форма) в винительном падеже используется 'je'.,,POPRAWNOŚĆ GRAMATYCZNA,Zaimki,single_choice,POPRAWNOŚĆ GRAMATYCZNA,126,1,2025-12-29T11:08:02.317Z,2025-12-29T11:08:02.317Z
127,127,"Nie lubię ___ , kiedy tak na mnie patrzysz. A) tego B) to C) tym D) temu",tego,Глагол 'lubić' в отрицании требует родительного падежа. Указательное местоимение 'to' в родительном падеже — 'tego'.,,POPRAWNOŚĆ GRAMATYCZNA,Zaimki,single_choice,POPRAWNOŚĆ GRAMATYCZNA,127,0,2025-12-29T11:08:02.318Z,2025-12-29T11:08:02.318Z
128,128,"Czy znasz ___ dziewczynę, która tam stoi? A) tę B) tą C) tej D) to",tę,Указательное местоимение 'ta' в винительном падеже (Biernik) имеет форму 'tę'. Форма 'tą' используется в творительном падеже.,,POPRAWNOŚĆ GRAMATYCZNA,Zaimki,single_choice,POPRAWNOŚĆ GRAMATYCZNA,128,0,2025-12-29T11:08:02.319Z,2025-12-29T11:08:02.319Z
129,129,"Podaj ___ tę książkę, proszę. A) mu B) jego C) niego D) go",mu,Глагол 'podać' требует дательного падежа (кому?). Краткая форма для 'on' — 'mu'.,,POPRAWNOŚĆ GRAMATYCZNA,Zaimki,single_choice,POPRAWNOŚĆ GRAMATYCZNA,129,0,2025-12-29T11:08:02.319Z,2025-12-29T11:08:02.319Z
130,130,Rozmawiałem z ___ wczoraj wieczorem. A) nią B) jej C) niej D) ją,nią,Предлог 'z' (в значении 'с кем-то') требует творительного падежа. Форма для 'ona' — 'nią'.,,POPRAWNOŚĆ GRAMATYCZNA,Zaimki,single_choice,POPRAWNOŚĆ GRAMATYCZNA,130,0,2025-12-29T11:08:02.321Z,2025-12-29T11:08:02.321Z
131,131,"To jest ___ samochód, a tamten jest mój. A) twój B) twojego C) twoim D) twojemu",twój,Притяжательное местоимение в именительном падеже (Mianownik) для мужского рода — 'twój'.,,POPRAWNOŚĆ GRAMATYCZNA,Zaimki,single_choice,POPRAWNOŚĆ GRAMATYCZNA,131,0,2025-12-29T11:08:02.322Z,2025-12-29T11:08:02.322Z
132,132,Nie mam ___ czasu na zabawę. A) tyle B) tylu C) tyloma D) tylu,tyle,С неисчисляемыми существительными (как 'czas') в родительном падеже используется форма 'tyle'.,,POPRAWNOŚĆ GRAMATYCZNA,Zaimki,single_choice,POPRAWNOŚĆ GRAMATYCZNA,132,0,2025-12-29T11:08:02.323Z,2025-12-29T11:08:02.323Z
133,133,Wszyscy ___ zaprosili na to przyjęcie. A) nas B) nam C) nami D) my,nas,Глагол 'zaprosić' требует винительного падежа. Форма для 'my' — 'nas'.,,POPRAWNOŚĆ GRAMATYCZNA,Zaimki,single_choice,POPRAWNOŚĆ GRAMATYCZNA,133,0,2025-12-29T11:08:02.323Z,2025-12-29T11:08:02.323Z
134,134,Czy widziałeś ___ moje okulary? A) gdzieś B) dokądś C) skądś D) kiedyś,gdzieś,Неопределенное наречие места 'gdzieś' (где-то) подходит по смыслу для поиска потерянного предмета.,,POPRAWNOŚĆ GRAMATYCZNA,Zaimki,single_choice,POPRAWNOŚĆ GRAMATYCZNA,134,0,2025-12-29T11:08:02.324Z,2025-12-29T11:08:02.324Z
135,135,On zawsze robi wszystko ___ . A) sam B) samego C) samemu D) самим,sam,Прилагательное-местоимение 'sam' согласуется с подлежащим 'on' в именительном падеже.,,POPRAWNOŚĆ GRAMATYCZNA,Zaimki,single_choice,POPRAWNOŚĆ GRAMATYCZNA,135,0,2025-12-29T11:08:02.325Z,2025-12-29T11:08:02.325Z
136,136,"Daj ___ spokój, nie chcę o tym rozmawiać. A) mi B) mnie C) mną D) mną",mi,Устойчивое выражение 'daj mi spokój' (оставь меня в покое) использует дательный падеж в краткой форме.,,POPRAWNOŚĆ GRAMATYCZNA,Zaimki,single_choice,POPRAWNOŚĆ GRAMATYCZNA,136,0,2025-12-29T11:08:02.325Z,2025-12-29T11:08:02.325Z
137,137,To jest dom ___ rodziców. A) moich B) moje C) moim D) moimi,moich,Родительный падеж множественного числа для притяжательного местоимения 'moi' — 'moich'.,,POPRAWNOŚĆ GRAMATYCZNA,Zaimki,single_choice,POPRAWNOŚĆ GRAMATYCZNA,137,0,2025-12-29T11:08:02.326Z,2025-12-29T11:08:02.326Z
138,138,Nie znam ___ w tym mieście. A) nikogo B) nikt C) nikomu D) nikim,nikogo,В отрицательных предложениях отрицательное местоимение 'nikt' ставится в родительный падеж — 'nikogo'.,,POPRAWNOŚĆ GRAMATYCZNA,Zaimki,single_choice,POPRAWNOŚĆ GRAMATYCZNA,138,0,2025-12-29T11:08:02.327Z,2025-12-29T11:08:02.327Z
139,139,Czy chcesz ___ do picia? A) czegoś B) coś C) czemuś D) czymś,czegoś,После глагола 'chcieć' в значении 'чего-то немного' или в вопросах часто используется родительный падеж — 'czegoś'.,,POPRAWNOŚĆ GRAMATYCZNA,Zaimki,single_choice,POPRAWNOŚĆ GRAMATYCZNA,139,0,2025-12-29T11:08:02.327Z,2025-12-29T11:08:02.327Z
140,140,Oni bardzo się ___ kochają. A) wzajemnie B) siebie C) sobie D) sobą,wzajemnie,"Хотя 'się' указывает на возвратность, наречие 'wzajemnie' (взаимно) подчеркивает характер отношений между двумя людьми.",,POPRAWNOŚĆ GRAMATYCZNA,Zaimki,single_choice,POPRAWNOŚĆ GRAMATYCZNA,140,0,2025-12-29T11:08:02.328Z,2025-12-29T11:08:02.328Z
141,141,Wczoraj przez cały wieczór ___ książkę. A) czytałem B) przeczytałem C) czytałbym D) przeczytałbym,czytałem,"Фраза 'przez cały wieczór' указывает на длительность процесса, поэтому используется несовершенный вид (Aspekt niedokonany) — 'czytałem'.",,POPRAWNOŚĆ GRAMATYCZNA,Aspekt Czasownika,single_choice,POPRAWNOŚĆ GRAMATYCZNA,141,1,2025-12-29T11:08:02.329Z,2025-12-29T11:08:02.329Z
142,142,"Kiedy w końcu ___ ten raport, wyślę go do szefa. A) napiszę B) piszę C) pisałem D) napisałem",napiszę,Контекст указывает на завершение действия в будущем. Используется совершенный вид (Aspekt dokonany) в будущем времени — 'napiszę'.,,POPRAWNOŚĆ GRAMATYCZNA,Aspekt Czasownika,single_choice,POPRAWNOŚĆ GRAMATYCZNA,142,1,2025-12-29T11:08:02.330Z,2025-12-29T11:08:02.330Z
143,143,Zawsze ___ zakupy w этом małym sklepiku obok domu. A) robię B) zrobię C) robiłem D) zrobiłem,robię,"Слово 'zawsze' указывает на повторяющееся, регулярное действие, что требует несовершенного вида (Aspekt niedokonany) — 'robię'.",,POPRAWNOŚĆ GRAMATYCZNA,Aspekt Czasownika,single_choice,POPRAWNOŚĆ GRAMATYCZNA,143,1,2025-12-29T11:08:02.331Z,2025-12-29T11:08:02.331Z
144,144,Czy możesz ___ mi tę historię jeszcze raz? A) opowiedzieć B) opowiadać C) opowiesz D) opowiadasz,opowiedzieć,"В просьбе совершить конкретное, разовое действие используется совершенный вид (Aspekt dokonany) — 'opowiedzieć'.",,POPRAWNOŚĆ GRAMATYCZNA,Aspekt Czasownika,single_choice,POPRAWNOŚĆ GRAMATYCZNA,144,1,2025-12-29T11:08:02.332Z,2025-12-29T11:08:02.332Z
145,145,"On ___ do mnie codziennie, ale dzisiaj jeszcze nie zadzwonił. A) dzwoni B) zadzwoni C) dzwonił D) zadzwonił",dzwoni,"Слово 'codziennie' указывает на привычку или регулярность, что требует несовершенного вида (Aspekt niedokonany) — 'dzwoni'.",,POPRAWNOŚĆ GRAMATYCZNA,Aspekt Czasownika,single_choice,POPRAWNOŚĆ GRAMATYCZNA,145,1,2025-12-29T11:08:02.332Z,2025-12-29T11:08:02.332Z
146,146,Muszę ___ ten list przed wyjściem na pocztę. A) skończyć B) kończyć C) skończę D) kończę,skończyć,Модальный глагол 'muszę' в сочетании с целью завершить действие требует инфинитива совершенного вида — 'skończyć'.,,POPRAWNOŚĆ GRAMATYCZNA,Aspekt Czasownika,single_choice,POPRAWNOŚĆ GRAMATYCZNA,146,1,2025-12-29T11:08:02.333Z,2025-12-29T11:08:02.333Z
147,147,Często ___ o podróży dookoła świata. A) marzę B) pomarzę C) marzyłem D) pomarzyłem,marzę,"Слово 'często' указывает на повторяющееся состояние или действие, что требует несовершенного вида — 'marzę'.",,POPRAWNOŚĆ GRAMATYCZNA,Aspekt Czasownika,single_choice,POPRAWNOŚĆ GRAMATYCZNA,147,0,2025-12-29T11:08:02.334Z,2025-12-29T11:08:02.334Z
148,148,"Wczoraj ___ się na spotkanie, bo autobus się spóźnił. A) spóźniłem B) spóźniałem C) spóźnię D) spóźniać",spóźniłem,"Речь идет о конкретном факте в прошлом, который произошел один раз. Используется совершенный вид — 'spóźniłem'.",,POPRAWNOŚĆ GRAMATYCZNA,Aspekt Czasownika,single_choice,POPRAWNOŚĆ GRAMATYCZNA,148,0,2025-12-29T11:08:02.334Z,2025-12-29T11:08:02.334Z
149,149,"Proszę nie ___ mi teraz, bo jestem bardzo zajęty. A) przeszkadzać B) przeszkodzić C) przeszkadzasz D) przeszkodzisz",przeszkadzać,В запретах (после 'proszę nie' или 'nie wolno') почти всегда используется несовершенный вид — 'przeszkadzać'.,,POPRAWNOŚĆ GRAMATYCZNA,Aspekt Czasownika,single_choice,POPRAWNOŚĆ GRAMATYCZNA,149,0,2025-12-29T11:08:02.335Z,2025-12-29T11:08:02.335Z
150,150,"Kiedy ___ do domu, od razu poszedłem spać. A) wróciłem B) wracałem C) wrócę D) wracam",wróciłem,"Действие 'wrócić' является моментом завершения, после которого последовало другое действие. Используется совершенный вид — 'wrócił'.",,POPRAWNOŚĆ GRAMATYCZNA,Aspekt Czasownika,single_choice,POPRAWNOŚĆ GRAMATYCZNA,150,0,2025-12-29T11:08:02.336Z,2025-12-29T11:08:02.336Z
151,151,Oni ___ ten dom przez ponad dwa lata. A) budowali B) zbudowali C) budują D) zbudują,budowali,Фраза 'przez ponad dwa lata' подчеркивает длительность процесса строительства в прошлом — 'budowali'.,,POPRAWNOŚĆ GRAMATYCZNA,Aspekt Czasownika,single_choice,POPRAWNOŚĆ GRAMATYCZNA,151,0,2025-12-29T11:08:02.336Z,2025-12-29T11:08:02.336Z
152,152,Czy udało ci się ___ bilet na koncert? A) kupić B) kupować C) kupisz D) kupujesz,kupić,"Глагол 'udać się' (удаться) требует результата, поэтому используется совершенный вид — 'kupić'.",,POPRAWNOŚĆ GRAMATYCZNA,Aspekt Czasownika,single_choice,POPRAWNOŚĆ GRAMATYCZNA,152,0,2025-12-29T11:08:02.337Z,2025-12-29T11:08:02.337Z
153,153,"Zanim ___ obiad, muszę umyć ręce. A) zjem B) jem C) jadłem D) zjadłem",zjem,"Действие в будущем, которое произойдет после завершения другого. Используется совершенный вид — 'zjem'.",,POPRAWNOŚĆ GRAMATYCZNA,Aspekt Czasownika,single_choice,POPRAWNOŚĆ GRAMATYCZNA,153,0,2025-12-29T11:08:02.338Z,2025-12-29T11:08:02.338Z
154,154,Każdego ranka ___ kawę i czytam gazetę. A) piję B) wypiję C) piłem D) wypiłem,piję,Регулярное утреннее действие требует настоящего времени несовершенного вида — 'piję'.,,POPRAWNOŚĆ GRAMATYCZNA,Aspekt Czasownika,single_choice,POPRAWNOŚĆ GRAMATYCZNA,154,0,2025-12-29T11:08:02.338Z,2025-12-29T11:08:02.338Z
155,155,"Nareszcie ___ klucze, których szukałem od godziny! A) znalazłem B) znajdowałem C) znajdę D) znajduję",znalazłem,Слово 'nareszcie' (наконец-то) указывает на достижение результата после долгих поисков. Используется совершенный вид — 'znalazłem'.,,POPRAWNOŚĆ GRAMATYCZNA,Aspekt Czasownika,single_choice,POPRAWNOŚĆ GRAMATYCZNA,155,0,2025-12-29T11:08:02.339Z,2025-12-29T11:08:02.339Z
156,156,Nie wolno ___ śmieci na ulicy. A) wyrzucać B) wyrzucić C) wyrzucasz D) wyrzucisz,wyrzucać,"После запрета 'nie wolno' используется несовершенный вид, так как запрет носит общий, постоянный характер — 'wyrzucać'.",,POPRAWNOŚĆ GRAMATYCZNA,Aspekt Czasownika,single_choice,POPRAWNOŚĆ GRAMATYCZNA,156,0,2025-12-29T11:08:02.340Z,2025-12-29T11:08:02.340Z
157,157,"Obiecuję, że ___ do ciebie jutro. A) zadzwonię B) dzwonię C) dzwoniłem D) zadzwoniłem",zadzwonię,Обещание касается конкретного действия в будущем. Используется совершенный вид — 'zadzwonię'.,,POPRAWNOŚĆ GRAMATYCZNA,Aspekt Czasownika,single_choice,POPRAWNOŚĆ GRAMATYCZNA,157,0,2025-12-29T11:08:02.341Z,2025-12-29T11:08:02.341Z
158,158,"Kiedy ___ przez park, spotkałem starą znajomą. A) przechodziłem B) przeszedłem C) przechodzę D) przejdę",przechodziłem,"Действие в прошлом, служившее фоном (процессом) для другого разового события. Используется несовершенный вид — 'przechodziłem'.",,POPRAWNOŚĆ GRAMATYCZNA,Aspekt Czasownika,single_choice,POPRAWNOŚĆ GRAMATYCZNA,158,0,2025-12-29T11:08:02.343Z,2025-12-29T11:08:02.343Z
159,159,Czy możesz ___ okno? Jest tu bardzo duszno. A) otworzyć B) otwierać C) otworzysz D) otwierasz,otworzyć,Просьба о разовом результате требует совершенного вида — 'otworzyć'.,,POPRAWNOŚĆ GRAMATYCZNA,Aspekt Czasownika,single_choice,POPRAWNOŚĆ GRAMATYCZNA,159,0,2025-12-29T11:08:02.343Z,2025-12-29T11:08:02.343Z
160,160,On nigdy nie ___ swoich obietnic. A) dotrzymuje B) dotrzyma C) dotrzymywał D) dotrzymał,dotrzymuje,Слово 'nigdy' в контексте постоянной характеристики человека требует несовершенного вида — 'dotrzymuje'.,,POPRAWNOŚĆ GRAMATYCZNA,Aspekt Czasownika,single_choice,POPRAWNOŚĆ GRAMATYCZNA,160,0,2025-12-29T11:08:02.344Z,2025-12-29T11:08:02.344Z
161,161,"Ten film był ___ niż ten, który oglądaliśmy w zeszłym tygodniu. A) ciekawszy B) ciekawy C) najciekawszy D) bardziej ciekawy",ciekawszy,Для сравнения двух объектов используется сравнительная степень (Stopień wyższy). Прилагательное 'ciekawy' образует форму 'ciekawszy'.,,POPRAWNOŚĆ GRAMATYCZNA,Stopniowanie,single_choice,POPRAWNOŚĆ GRAMATYCZNA,161,1,2025-12-29T11:08:02.345Z,2025-12-29T11:08:02.345Z
162,162,Mój brat jest ___ z całej rodziny. A) najwyższy B) wyższy C) wysoki D) najbardziej wysoki,najwyższy,При сравнении одного объекта со всей группой используется превосходная степень (Stopień najwyższy) — 'najwyższy'.,,POPRAWNOŚĆ GRAMATYCZNA,Stopniowanie,single_choice,POPRAWNOŚĆ GRAMATYCZNA,162,1,2025-12-29T11:08:02.346Z,2025-12-29T11:08:02.346Z
163,163,Dzisiaj czuję się znacznie ___ niż wczoraj. A) lepiej B) dobrze C) najlepiej D) bardziej dobrze,lepiej,Наречие 'dobrze' имеет неправильную форму сравнительной степени — 'lepiej'.,,POPRAWNOŚĆ GRAMATYCZNA,Stopniowanie,single_choice,POPRAWNOŚĆ GRAMATYCZNA,163,1,2025-12-29T11:08:02.346Z,2025-12-29T11:08:02.346Z
164,164,"To jest ___ książka, jaką kiedykolwiek czytałem. A) najgorsza B) gorsza C) zła D) najbardziej zła",najgorsza,Превосходная степень от прилагательного 'zły' — 'najgorsza'. Используется для выделения одного объекта из всех.,,POPRAWNOŚĆ GRAMATYCZNA,Stopniowanie,single_choice,POPRAWNOŚĆ GRAMATYCZNA,164,1,2025-12-29T11:08:02.347Z,2025-12-29T11:08:02.347Z
165,165,Czy możesz mówić trochę ___? Nic nie słyszę. A) głośniej B) głośno C) najgłośniej D) bardziej głośno,głośniej,Просьба об изменении интенсивности действия требует сравнительной степени наречия — 'głośniej'.,,POPRAWNOŚĆ GRAMATYCZNA,Stopniowanie,single_choice,POPRAWNOŚĆ GRAMATYCZNA,165,1,2025-12-29T11:08:02.348Z,2025-12-29T11:08:02.348Z
166,166,"Ta sukienka jest ___ od tamtej, ale też droższa. A) ładniejsza B) ładna C) najładniejsza D) bardziej ładna",ładniejsza,Сравнительная степень прилагательного 'ładny' — 'ładniejsza'. Используется при сравнении двух предметов с помощью предлога 'od'.,,POPRAWNOŚĆ GRAMATYCZNA,Stopniowanie,single_choice,POPRAWNOŚĆ GRAMATYCZNA,166,1,2025-12-29T11:08:02.348Z,2025-12-29T11:08:02.348Z
167,167,On biega ___ ze wszystkich uczniów w klasie. A) najszybciej B) szybciej C) szybko D) najbardziej szybko,najszybciej,Превосходная степень наречия 'szybko' — 'najszybciej'. Указывает на лучший результат в группе.,,POPRAWNOŚĆ GRAMATYCZNA,Stopniowanie,single_choice,POPRAWNOŚĆ GRAMATYCZNA,167,0,2025-12-29T11:08:02.349Z,2025-12-29T11:08:02.349Z
168,168,Zimą dni są ___ niż latem. A) krótsze B) krótki C) najkrótsze D) bardziej krótkie,krótsze,Сравнительная степень прилагательного 'krótki' — 'krótsze'. Сравнение двух времен года.,,POPRAWNOŚĆ GRAMATYCZNA,Stopniowanie,single_choice,POPRAWNOŚĆ GRAMATYCZNA,168,0,2025-12-29T11:08:02.350Z,2025-12-29T11:08:02.350Z
169,169,To zadanie wydaje mi się ___ niż poprzednie. A) trudniejsze B) trudne C) najtrudniejsze D) bardziej trudne,trudniejsze,Сравнительная степень прилагательного 'trudny' — 'trudniejsze'.,,POPRAWNOŚĆ GRAMATYCZNA,Stopniowanie,single_choice,POPRAWNOŚĆ GRAMATYCZNA,169,0,2025-12-29T11:08:02.351Z,2025-12-29T11:08:02.351Z
170,170,Które miasto w Polsce jest ___? A) największe B) większe C) duże D) najbardziej duże,największe,Вопрос о лидере по какому-либо признаку требует превосходной степени — 'największe'.,,POPRAWNOŚĆ GRAMATYCZNA,Stopniowanie,single_choice,POPRAWNOŚĆ GRAMATYCZNA,170,0,2025-12-29T11:08:02.351Z,2025-12-29T11:08:02.351Z
171,171,"Musisz uczyć się ___ , jeśli chcesz zdać ten egzamin. A) więcej B) dużo C) najwięcej D) bardziej dużo",więcej,Сравнительная степень наречия 'dużo' — 'więcej'. Указывает на необходимость увеличения усилий.,,POPRAWNOŚĆ GRAMATYCZNA,Stopniowanie,single_choice,POPRAWNOŚĆ GRAMATYCZNA,171,0,2025-12-29T11:08:02.352Z,2025-12-29T11:08:02.352Z
172,172,Ten samochód jest ___ ze wszystkich dostępnych w salonie. A) najnowocześniejszy B) nowocześniejszy C) nowoczesny D) bardziej nowoczesny,najnowocześniejszy,Превосходная степень для выделения одного объекта из множества — 'najnowocześniejszy'.,,POPRAWNOŚĆ GRAMATYCZNA,Stopniowanie,single_choice,POPRAWNOŚĆ GRAMATYCZNA,172,0,2025-12-29T11:08:02.353Z,2025-12-29T11:08:02.353Z
173,173,Ona śpiewa ___ niż jej siostra. A) piękniej B) pięknie C) najpiękniej D) bardziej pięknie,piękniej,Сравнительная степень наречия 'pięknie' — 'piękniej'.,,POPRAWNOŚĆ GRAMATYCZNA,Stopniowanie,single_choice,POPRAWNOŚĆ GRAMATYCZNA,173,0,2025-12-29T11:08:02.354Z,2025-12-29T11:08:02.354Z
174,174,To jest ___ droga do centrum miasta. A) najkrótsza B) krótsza C) krótka D) najbardziej krótka,najkrótsza,Превосходная степень прилагательного 'krótki' — 'najkrótsza'.,,POPRAWNOŚĆ GRAMATYCZNA,Stopniowanie,single_choice,POPRAWNOŚĆ GRAMATYCZNA,174,0,2025-12-29T11:08:02.355Z,2025-12-29T11:08:02.355Z
175,175,Mój nowy komputer pracuje ___ niż stary. A) szybciej B) szybko C) najszybciej D) bardziej szybko,szybciej,Сравнительная степень наречия 'szybko' — 'szybciej'.,,POPRAWNOŚĆ GRAMATYCZNA,Stopniowanie,single_choice,POPRAWNOŚĆ GRAMATYCZNA,175,0,2025-12-29T11:08:02.356Z,2025-12-29T11:08:02.356Z
176,176,"Ten problem jest ___ , niż myślałem. A) poważniejszy B) poważny C) najpoważniejszy D) bardziej poważny",poważniejszy,Сравнительная степень прилагательного 'poważny' — 'poważniejszy'.,,POPRAWNOŚĆ GRAMATYCZNA,Stopniowanie,single_choice,POPRAWNOŚĆ GRAMATYCZNA,176,0,2025-12-29T11:08:02.357Z,2025-12-29T11:08:02.357Z
177,177,On jest ___ studentem na całym uniwersytecie. A) najlepszym B) lepszym C) dobrym D) najbardziej dobrym,najlepszym,Превосходная степень прилагательного 'dobry' — 'najlepszy'. В данном случае в форме творительного падежа — 'najlepszym'.,,POPRAWNOŚĆ GRAMATYCZNA,Stopniowanie,single_choice,POPRAWNOŚĆ GRAMATYCZNA,177,0,2025-12-29T11:08:02.358Z,2025-12-29T11:08:02.358Z
178,178,Czy możesz przyjechać ___? Bardzo mi na tym zależy. A) wcześniej B) wcześnie C) najwcześniej D) bardziej wcześnie,wcześniej,Сравнительная степень наречия 'wcześnie' — 'wcześniej'.,,POPRAWNOŚĆ GRAMATYCZNA,Stopniowanie,single_choice,POPRAWNOŚĆ GRAMATYCZNA,178,0,2025-12-29T11:08:02.359Z,2025-12-29T11:08:02.359Z
179,179,Ta herbata jest ___ niż tamta. A) słodsza B) słodka C) najsłodsza D) bardziej słodka,słodsza,Сравнительная степень прилагательного 'słodki' — 'słodsza'.,,POPRAWNOŚĆ GRAMATYCZNA,Stopniowanie,single_choice,POPRAWNOŚĆ GRAMATYCZNA,179,0,2025-12-29T11:08:02.360Z,2025-12-29T11:08:02.360Z
180,180,To był ___ dzień w moim życiu. A) najszczęśliwszy B) szczęśliwszy C) szczęśliwy D) najbardziej szczęśliwy,najszczęśliwszy,Превосходная степень прилагательного 'szczęśliwy' — 'najszczęśliwszy'.,,POPRAWNOŚĆ GRAMATYCZNA,Stopniowanie,single_choice,POPRAWNOŚĆ GRAMATYCZNA,180,0,2025-12-29T11:08:02.362Z,2025-12-29T11:08:02.362Z